Model,Accuracy,Precision,Recall,F1 Score
Meta Model 1,0.978021978021978,0.992,0.9465648854961832,0.96875
Meta Model 2,0.9917582417582418,1.0,0.9770992366412213,0.9884169884169884
Meta Model 3,1.0,1.0,1.0,1.0
Meta Model 4,0.989010989010989,1.0,0.9694656488549618,0.9844961240310077
Meta Model 5,0.9917582417582418,1.0,0.9770992366412213,0.9884169884169884
Meta Model 6,0.989010989010989,1.0,0.9694656488549618,0.9844961240310077
Meta Model 7,0.9917582417582418,1.0,0.9770992366412213,0.9884169884169884
Meta Model 8,0.9752747252747253,0.9919354838709677,0.9389312977099237,0.9647058823529411
