ANN,Accuracy,Precision,Recall,F1 Score
Trainning,0.9917582417582418,1.0,0.9770992366412213,0.9884169884169884
Testing,0.9902439024390244,0.9876543209876543,0.9876543209876543,0.9876543209876543
