Model,Accuracy,Precision,Recall,F1 Score
Meta Model 1,0.9804878048780488,0.9873417721518988,0.9629629629629629,0.975
Meta Model 2,0.9902439024390244,1.0,0.9753086419753086,0.9875
Meta Model 3,0.9804878048780488,1.0,0.9506172839506173,0.9746835443037974
Meta Model 4,0.9902439024390244,1.0,0.9753086419753086,0.9875
Meta Model 5,0.9902439024390244,1.0,0.9753086419753086,0.9875
Meta Model 6,0.9853658536585366,0.975609756097561,0.9876543209876543,0.9815950920245398
Meta Model 7,0.9902439024390244,1.0,0.9753086419753086,0.9875
Meta Model 8,0.9853658536585366,0.9875,0.9753086419753086,0.9813664596273292
